ID,Biological_Status,Genetic_cluster,LAT,LON
Vu003,Landrace,1,-14.90294048,40.3174638
Vu005,Landrace,1,-22.55083,32.16376305
Vu006,Landrace,1,-23.92125955,32.16376305
Vu007,Landrace,1,-21.95086,32.06144
Vu009,Landrace,1,-21.952638,32.06144
Vu013,Landrace,1,-12.2377501,40.13653275
Vu014,Landrace,1,-14.90294048,40.3174638
Vu017,Landrace,1,-22.02895,34.12559
Vu018,Landrace,1,-21.89208,34.12559
Vu019,Landrace,1,-21.89208,34.12559
Vu020,Landrace,1,-23.118837,34.3467
Vu021,Landrace,1,-24.43683,35.1192
Vu022,Landrace,1,-24.4746518,35.02640645
Vu027,Landrace,1,-13.12731435,39.01889925
Vu029,Landrace,1,-25.41584906,32.78861953
Vu031,Landrace,1,-21.54618345,32.95160295
Vu032,Landrace,1,-21.54618345,32.95160295
Vu033,Landrace,1,-21.54618345,32.95160295
Vu034,Landrace,1,-21.54618345,32.95160295
Vu037,Landrace,1,-24.70181385,33.5460663
Vu038,Landrace,1,-24.70181385,33.5460663
Vu039,Landrace,1,-24.70181385,33.5460663
Vu040,Landrace,1,-24.70181385,33.5460663
Vu041,Landrace,1,-24.70181385,33.5460663
Vu042,Landrace,1,-24.70181385,33.5460663
Vu043,Landrace,1,-24.71320525,33.8783276
Vu044,Landrace,1,-24.71320525,33.8783276
Vu045,Landrace,1,-24.71320525,33.8783276
Vu046,Landrace,1,-24.71320525,33.8783276
Vu047,Landrace,1,-24.71320525,33.8783276
Vu048,Landrace,1,-24.71320525,33.8783276
Vu049,Landrace,1,-24.71320525,33.8783276
Vu050,Landrace,1,-23.32515225,35.3700543
Vu051,Landrace,1,-23.32515225,35.3700543
Vu052,Landrace,1,-23.32515225,35.3700543
Vu053,Landrace,1,-23.32515225,35.3700543
Vu055,Landrace,1,-23.32515225,35.3700543
Vu056,Landrace,1,-23.32515225,35.3700543
Vu059,Landrace,1,-23.32515225,35.3700543
Vu060,Landrace,1,-23.32515225,35.3700543
Vu062,Landrace,1,-23.6590279,35.33895815
Vu063,Landrace,1,-23.6590279,35.33895815
Vu064,Landrace,1,-23.6590279,35.33895815
Vu065,Landrace,1,-23.6590279,35.33895815
Vu066,Landrace,1,-23.6590279,35.33895815
Vu067,Landrace,1,-23.6590279,35.33895815
Vu068,Landrace,1,-23.6590279,35.33895815
Vu069,Landrace,1,-23.6590279,35.33895815
Vu070,Landrace,1,-23.6590279,35.33895815
Vu071,Landrace,1,-24.1136369,35.31326175
Vu072,Landrace,1,-24.1136369,35.31326175
Vu073,Landrace,1,-24.1136369,35.31326175
Vu074,Landrace,1,-24.4746518,35.02640645
Vu075,Landrace,1,-24.4746518,35.02640645
Vu076,Landrace,1,-24.4746518,35.02640645
Vu077,Landrace,1,-24.4746518,35.02640645
Vu078,Landrace,1,-24.4746518,35.02640645
Vu079,Landrace,1,-24.4746518,35.02640645
Vu080,Landrace,1,-24.4746518,35.02640645
Vu081,Landrace,1,-24.4746518,35.02640645
Vu082,Landrace,1,-24.4746518,35.02640645
Vu083,Landrace,1,-24.4746518,35.02640645
Vu085,Landrace,1,-24.4746518,35.02640645
Vu086,Landrace,1,-24.4746518,35.02640645
Vu087,Landrace,1,-24.4746518,35.02640645
Vu088,Landrace,1,-24.71556975,34.74383355
Vu089,Landrace,1,-24.71556975,34.74383355
Vu091,Landrace,1,-24.71556975,34.74383355
Vu092,Landrace,1,-24.71556975,34.74383355
Vu093,Landrace,1,-17.95387403,33.2480791
Vu098,Landrace,1,-20.03448504,34.33793796
Vu108,Landrace,1,-16.5833,35.116699
Vu157,Landrace,1,-30.559482,22.937506
Vu227,Landrace,1,-22.0803004,31.68283225
Vu228,Landrace,1,-22.02895,34.12558
Vu230,Landrace,1,-21.54618345,32.95160295
Vu231,Landrace,1,-24.71320525,33.8783276
Vu232,Landrace,1,-24.71320525,33.8783276
Vu233,Landrace,1,-23.32515225,35.3700543
Vu236,Landrace,1,-23.6590279,35.33895815
Vu237,Landrace,1,-23.6590279,35.33895815
Vu238,Landrace,1,-23.6590279,35.33895815
Vu239,Landrace,1,-24.4746518,35.02640645
Vu240,Landrace,1,-24.4746518,35.02640645
Vu241,Landrace,1,-24.4746518,35.02640645
Vu242,Landrace,1,-24.4746518,35.02640645
Vu243,Landrace,1,-24.4746518,35.02640645
Vu244,Landrace,1,-24.4746518,35.02640645
Vu245,Landrace,1,-24.4746518,35.02640645
Vu246,Landrace,1,-24.4746518,35.02640645
Vu247,Landrace,1,-24.4746518,35.02640645
Vu126,Landrace,2,-9.85,33.666698
Vu127,Landrace,2,-11.05,33.633301
Vu148,Landrace,2,-18.665695,35.529562
Vu153,Landrace,2,-30.559482,22.937506
Vu154,Landrace,2,-30.559482,22.937506
Vu155,Landrace,2,-30.559482,22.937506
Vu156,Landrace,2,-30.559482,22.937506
Vu163,Landrace,2,-30.559482,22.937506
Vu168,Landrace,2,-30.559482,22.937506
Vu170,Landrace,2,-30.559482,22.937506
Vu172,Landrace,2,-30.559482,22.937506
Vu174,Landrace,2,-30.559482,22.937506
Vu175,Landrace,2,-30.559482,22.937506
Vu176,Landrace,2,-30.559482,22.937506
Vu179,Landrace,2,-30.559482,22.937506
Vu180,Landrace,2,-30.559482,22.937506
Vu188,Landrace,2,-3.4167,37.333302
Vu202,Landrace,2,-4.5833,33.166698
Vu008,Landrace,3,-21.95086,32.06144
Vu010,Landrace,3,-22.73308,32.06144
Vu011,Landrace,3,-13.12731435,39.01889925
Vu012,Landrace,3,-12.2377501,40.13653275
Vu015,Landrace,3,-12.5778,37.562361
Vu016,Landrace,3,-13.19185,37.50715
Vu023,Landrace,3,-23.85991585,35.33903715
Vu024,Landrace,3,-13.71222,39.673506
Vu025,Landrace,3,-16.93905834,33.54811249
Vu026,Landrace,3,-17.0575,34.041944
Vu035,Landrace,3,-24.70181385,33.5460663
Vu036,Landrace,3,-24.70181385,33.5460663
Vu054,Landrace,3,-23.32515225,35.3700543
Vu057,Landrace,3,-23.32515225,35.3700543
Vu058,Landrace,3,-23.32515225,35.3700543
Vu061,Landrace,3,-23.32515225,35.3700543
Vu094,Landrace,3,-19.40538005,33.2960312
Vu096,Landrace,3,-19.2958417,34.23217055
Vu097,Landrace,3,-19.2958417,34.23217055
Vu099,Landrace,3,-9.8333,33.883301
Vu100,Landrace,3,-9.95,33.799999
Vu102,Landrace,3,-9.7667,33.483299
Vu103,Landrace,3,-13.9667,33.833302
Vu105,Landrace,3,-14.25,35.083302
Vu107,Landrace,3,-15.3667,35.233299
Vu109,Landrace,3,-16.9167,35.1833
Vu111,Landrace,3,-14.9667,34.9333
Vu112,Landrace,3,-15.5833,35.166698
Vu113,Landrace,3,-16.516701,34.966702
Vu114,Landrace,3,-16.466667,34.9
Vu116,Landrace,3,-15.7833,35.616699
Vu117,Landrace,3,-15.4,35.4333
Vu118,Landrace,3,-15.05,35.400002
Vu119,Landrace,3,-14.4333,35.616699
Vu121,Landrace,3,-14.3167,35.116699
Vu122,Landrace,3,-12,33.633301
Vu123,Landrace,3,-11.85,33.866699
Vu125,Landrace,3,-11.2167,33.849998
Vu128,Landrace,3,-11.8167,33.783298
Vu129,Landrace,3,-16.5819,35.1248
Vu130,Landrace,3,-13.5,34
Vu131,Landrace,3,-16.5500002,35.1282252
Vu132,Landrace,3,-16.4982,35.2062
Vu133,Landrace,3,-12.0794,34.0573
Vu134,Landrace,3,-15.9667,35.2667
Vu135,Landrace,3,-15.8064,35.6507
Vu136,Landrace,3,-15.8064,35.6507
Vu137,Landrace,3,-13.3753,34.0036
Vu139,Landrace,3,-15.8064,35.6507
Vu141,Landrace,3,-16.9667,35.2167
Vu142,Landrace,3,-18.665695,35.529562
Vu143,Landrace,3,-18.665695,35.529562
Vu144,Landrace,3,-18.665695,35.529562
Vu145,Landrace,3,-18.665695,35.529562
Vu149,Landrace,3,-18.665695,35.529562
Vu150,Landrace,3,-18.665695,35.529562
Vu151,Landrace,3,-30.559482,22.937506
Vu152,Landrace,3,-30.559482,22.937506
Vu158,Landrace,3,-30.559482,22.937506
Vu159,Landrace,3,-30.559482,22.937506
Vu160,Landrace,3,-30.559482,22.937506
Vu161,Landrace,3,-30.559482,22.937506
Vu164,Landrace,3,-30.559482,22.937506
Vu165,Landrace,3,-30.559482,22.937506
Vu166,Landrace,3,-30.559482,22.937506
Vu167,Landrace,3,-30.559482,22.937506
Vu169,Landrace,3,-30.559482,22.937506
Vu171,Landrace,3,-30.559482,22.937506
Vu173,Landrace,3,-30.559482,22.937506
Vu177,Landrace,3,-30.559482,22.937506
Vu178,Landrace,3,-30.559482,22.937506
Vu181,Landrace,3,-30.559482,22.937506
Vu182,Landrace,3,-30.559482,22.937506
Vu183,Landrace,3,-30.559482,22.937506
Vu184,Landrace,3,-30.559482,22.937506
Vu185,Landrace,3,-7.1333,39.166698
Vu186,Landrace,3,-6.7667,37.083302
Vu187,Landrace,3,-3.3333,37.5
Vu189,Landrace,3,-3.55,33.400002
Vu190,Landrace,3,-2.75,32.799999
Vu191,Landrace,3,-6.6,37.166698
Vu192,Landrace,3,-2.6667,32.666698
Vu193,Landrace,3,-5.1833,38.799999
Vu194,Landrace,3,-4.6833,38.116699
Vu195,Landrace,3,-3.3333,37.549999
Vu196,Landrace,3,-2.9833,32.049999
Vu197,Landrace,3,-8.85,34.049999
Vu199,Landrace,3,-6.2,37.166698
Vu200,Landrace,3,-4.0833,37.733299
Vu201,Landrace,3,-8.85,34.833302
Vu203,Landrace,3,-9.3333,34.766701
Vu205,Landrace,3,-16.483299,31.049999
Vu206,Landrace,3,-17.383301,32.283298
Vu208,Landrace,3,-17.633301,29.7167
Vu209,Landrace,3,-17.5,29.450001
Vu210,Landrace,3,-17.116699,29.0833
Vu211,Landrace,3,-17.633301,29.016701
Vu212,Landrace,3,-18.1833,28.8167
Vu213,Landrace,3,-18.7833,30.883301
Vu214,Landrace,3,-20.4333,28.6833
Vu234,Landrace,3,-23.32515225,35.3700543
Vu235,Landrace,3,-23.32515225,35.3700543
Vu248,Landrace,3,-19.0827783,33.6470631
Vu252,Landrace,3,-16.483299,31.049999
